month_starting,commits
1990-08-01,0.0
1990-09-01,0.0
1990-10-01,0.0
1990-11-01,0.0
1990-12-01,0.0
1991-01-01,0.0
1991-02-01,0.0
1991-03-01,0.0
1991-04-01,0.0
1991-05-01,0.0
1991-06-01,0.0
1991-07-01,0.0
1991-08-01,0.0
1991-09-01,0.0
1991-10-01,0.0
1991-11-01,0.0
1991-12-01,0.0
1992-01-01,0.0
1992-02-01,0.0
1992-03-01,0.0
1992-04-01,0.0
1992-05-01,0.0
1992-06-01,0.0
1992-07-01,0.0
1992-08-01,0.0
1992-09-01,0.0
1992-10-01,0.0
1992-11-01,0.0
1992-12-01,0.0
1993-01-01,0.0
1993-02-01,0.0
1993-03-01,0.0
1993-04-01,0.0
1993-05-01,0.0
1993-06-01,0.0
1993-07-01,0.0
1993-08-01,0.0
1993-09-01,0.0
1993-10-01,0.0
1993-11-01,0.0
1993-12-01,0.0
1994-01-01,0.0
1994-02-01,0.0
1994-03-01,0.0
1994-04-01,0.0
1994-05-01,0.0
1994-06-01,0.0
1994-07-01,0.0
1994-08-01,0.0
1994-09-01,0.0
1994-10-01,0.0
1994-11-01,0.0
1994-12-01,0.0
1995-01-01,0.0
1995-02-01,0.0
1995-03-01,0.0
1995-04-01,0.0
1995-05-01,0.0
1995-06-01,0.0
1995-07-01,0.0
1995-08-01,0.0
1995-09-01,0.0
1995-10-01,0.0
1995-11-01,0.0
1995-12-01,0.0
1996-01-01,0.0
1996-02-01,0.0
1996-03-01,0.0
1996-04-01,0.0
1996-05-01,0.0
1996-06-01,0.0
1996-07-01,0.0
1996-08-01,0.0
1996-09-01,0.0
1996-10-01,0.0
1996-11-01,0.0
1996-12-01,0.0
1997-01-01,0.0
1997-02-01,0.0
1997-03-01,0.0
1997-04-01,0.0
1997-05-01,0.0
1997-06-01,0.0
1997-07-01,0.0
1997-08-01,0.0
1997-09-01,0.0
1997-10-01,0.0
1997-11-01,0.0
1997-12-01,0.0
1998-01-01,0.0
1998-02-01,0.0
1998-03-01,0.0
1998-04-01,0.0
1998-05-01,0.0
1998-06-01,0.0
1998-07-01,0.0
1998-08-01,0.0
1998-09-01,0.0
1998-10-01,0.0
1998-11-01,0.0
1998-12-01,0.0
1999-01-01,0.0
1999-02-01,0.0
1999-03-01,0.0
1999-04-01,0.0
1999-05-01,0.0
1999-06-01,0.0
1999-07-01,0.0
1999-08-01,0.0
1999-09-01,0.0
1999-10-01,0.0
1999-11-01,0.0
1999-12-01,0.0
2000-01-01,0.0
2000-02-01,0.0
2000-03-01,0.0
2000-04-01,0.0
2000-05-01,0.0
2000-06-01,0.0
2000-07-01,0.0
2000-08-01,0.0
2000-09-01,0.0
2000-10-01,0.0
2000-11-01,0.0
2000-12-01,0.0
2001-01-01,0.0
2001-02-01,0.0
2001-03-01,0.0
2001-04-01,0.0
2001-05-01,0.0
2001-06-01,0.0
2001-07-01,0.0
2001-08-01,0.0
2001-09-01,0.0
2001-10-01,0.0
2001-11-01,0.0
2001-12-01,0.0
2002-01-01,0.0
2002-02-01,0.0
2002-03-01,0.0
2002-04-01,0.0
2002-05-01,0.0
2002-06-01,0.0
2002-07-01,0.0
2002-08-01,0.0
2002-09-01,0.0
2002-10-01,0.0
2002-11-01,0.0
2002-12-01,0.0
2003-01-01,0.0
2003-02-01,0.0
2003-03-01,0.0
2003-04-01,0.0
2003-05-01,0.0
2003-06-01,0.0
2003-07-01,0.0
2003-08-01,0.0
2003-09-01,0.0
2003-10-01,0.0
2003-11-01,0.0
2003-12-01,0.0
2004-01-01,0.0
2004-02-01,0.0
2004-03-01,0.0
2004-04-01,0.0
2004-05-01,0.0
2004-06-01,0.0
2004-07-01,0.0
2004-08-01,0.0
2004-09-01,0.0
2004-10-01,0.0
2004-11-01,0.0
2004-12-01,0.0
2005-01-01,0.0
2005-02-01,0.0
2005-03-01,0.0
2005-04-01,0.0
2005-05-01,0.0
2005-06-01,0.0
2005-07-01,0.0
2005-08-01,0.0
2005-09-01,0.0
2005-10-01,0.0
2005-11-01,0.0
2005-12-01,0.0
2006-01-01,0.0
2006-02-01,0.0
2006-03-01,0.0
2006-04-01,0.0
2006-05-01,0.0
2006-06-01,0.0
2006-07-01,0.0
2006-08-01,0.0
2006-09-01,0.0
2006-10-01,0.0
2006-11-01,0.0
2006-12-01,0.0
2007-01-01,0.0
2007-02-01,0.0
2007-03-01,0.0
2007-04-01,0.0
2007-05-01,0.0
2007-06-01,0.0
2007-07-01,0.0
2007-08-01,0.0
2007-09-01,0.0
2007-10-01,0.0
2007-11-01,0.0
2007-12-01,0.0
2008-01-01,0.0
2008-02-01,0.0
2008-03-01,0.0
2008-04-01,0.0
2008-05-01,0.0
2008-06-01,0.0
2008-07-01,0.0
2008-08-01,0.0
2008-09-01,0.0
2008-10-01,0.0
2008-11-01,0.0
2008-12-01,0.0
2009-01-01,0.0
2009-02-01,0.0
2009-03-01,6.0
2009-04-01,0.0
2009-05-01,3.0
2009-06-01,0.0
2009-07-01,0.0
2009-08-01,0.0
2009-09-01,17.0
2009-10-01,0.0
2009-11-01,3.0
2009-12-01,1.0
2010-01-01,14.0
2010-02-01,4.0
2010-03-01,22.0
2010-04-01,4.0
2010-05-01,0.0
2010-06-01,2.0
2010-07-01,9.0
2010-08-01,0.0
2010-09-01,2.0
2010-10-01,0.0
2010-11-01,8.0
2010-12-01,25.0
2011-01-01,0.0
2011-02-01,11.0
2011-03-01,57.0
2011-04-01,61.0
2011-05-01,0.0
2011-06-01,1.0
2011-07-01,21.0
2011-08-01,1.0
2011-09-01,0.0
2011-10-01,196.0
2011-11-01,29.0
2011-12-01,6.0
2012-01-01,4.0
2012-02-01,43.0
2012-03-01,176.0
2012-04-01,9.0
2012-05-01,39.0
2012-06-01,7.0
2012-07-01,8.0
2012-08-01,14.0
2012-09-01,0.0
2012-10-01,30.0
2012-11-01,20.0
2012-12-01,23.0
2013-01-01,51.0
2013-02-01,64.0
2013-03-01,15.0
2013-04-01,6.0
2013-05-01,30.0
2013-06-01,16.0
2013-07-01,14.0
2013-08-01,11.0
2013-09-01,11.0
2013-10-01,15.0
2013-11-01,27.0
2013-12-01,58.0
2014-01-01,43.0
2014-02-01,53.0
2014-03-01,88.0
2014-04-01,90.0
2014-05-01,55.0
2014-06-01,26.0
2014-07-01,261.0
2014-08-01,135.0
2014-09-01,94.0
2014-10-01,41.0
2014-11-01,141.0
2014-12-01,132.0
2015-01-01,110.0
2015-02-01,115.0
2015-03-01,99.0
2015-04-01,168.0
2015-05-01,147.0
2015-06-01,158.0
2015-07-01,113.0
2015-08-01,100.0
2015-09-01,65.0
2015-10-01,95.0
2015-11-01,142.0
2015-12-01,151.0
2016-01-01,123.0
2016-02-01,121.0
2016-03-01,72.0
2016-04-01,51.0
2016-05-01,24.0
2016-06-01,43.0
2016-07-01,83.0
2016-08-01,113.0
2016-09-01,204.0
2016-10-01,100.0
2016-11-01,23.0
2016-12-01,15.0
2017-01-01,68.0
2017-02-01,110.0
2017-03-01,147.0
2017-04-01,148.0
2017-05-01,18.0
2017-06-01,44.0
2017-07-01,53.0
2017-08-01,16.0
2017-09-01,85.0
2017-10-01,107.0
2017-11-01,29.0
2017-12-01,108.0
2018-01-01,180.0
2018-02-01,63.0
2018-03-01,210.0
2018-04-01,124.0
2018-05-01,116.0
2018-06-01,111.0
2018-07-01,65.0
2018-08-01,69.0
2018-09-01,107.0
2018-10-01,80.0
2018-11-01,91.0
2018-12-01,116.0
2019-01-01,69.0
2019-02-01,52.0
2019-03-01,50.0
2019-04-01,16.0
2019-05-01,50.0
2019-06-01,171.0
2019-07-01,69.0
2019-08-01,37.0
2019-09-01,9.0
2019-10-01,21.0
2019-11-01,26.0
2019-12-01,129.0
2020-01-01,71.0
2020-02-01,128.0
2020-03-01,225.0
2020-04-01,231.0
2020-05-01,177.0
2020-06-01,164.0
2020-07-01,196.0
2020-08-01,87.0
2020-09-01,133.0
2020-10-01,87.0
2020-11-01,75.0
2020-12-01,102.0
2021-01-01,98.0
2021-02-01,194.0
2021-03-01,124.0
2021-04-01,80.0
2021-05-01,120.0
2021-06-01,194.0
2021-07-01,69.0
2021-08-01,53.0
2021-09-01,38.0
2021-10-01,34.0
2021-11-01,111.0
2021-12-01,99.0
2022-01-01,109.0
2022-02-01,136.0
2022-03-01,75.0
2022-04-01,96.0
2022-05-01,93.0
2022-06-01,109.0
2022-07-01,109.0
2022-08-01,135.0
2022-09-01,116.0
2022-10-01,50.0
2022-11-01,50.0
2022-12-01,171.0
2023-01-01,385.0
2023-02-01,353.0
2023-03-01,203.0
2023-04-01,146.0
2023-05-01,70.0
2023-06-01,65.0
2023-07-01,246.0
2023-08-01,282.0
2023-09-01,48.0
2023-10-01,52.0
2023-11-01,91.0
2023-12-01,49.0
2024-01-01,122.0
2024-02-01,219.0
2024-03-01,222.0
2024-04-01,636.0
2024-05-01,515.0
2024-06-01,453.0
2024-07-01,132.0
2024-08-01,102.0
2024-09-01,69.0
2024-10-01,185.0
2024-11-01,79.0
2024-12-01,81.0
2025-01-01,164.0
2025-02-01,632.0
2025-03-01,192.0
2025-04-01,305.0
2025-05-01,142.0
2025-06-01,55.0
2025-07-01,71.0
2025-08-01,282.0
2025-09-01,63.0
2025-10-01,190.0
2025-11-01,286.0
2025-12-01,253.0
2026-01-01,462.0
2026-02-01,767.0
2026-03-01,1652.0
2026-04-01,228.0
