week_starting,commits
1990-08-06,0.0
1990-08-13,0.0
1990-08-20,0.0
1990-08-27,0.0
1990-09-03,0.0
1990-09-10,0.0
1990-09-17,0.0
1990-09-24,0.0
1990-10-01,0.0
1990-10-08,0.0
1990-10-15,0.0
1990-10-22,0.0
1990-10-29,0.0
1990-11-05,0.0
1990-11-12,0.0
1990-11-19,0.0
1990-11-26,0.0
1990-12-03,0.0
1990-12-10,0.0
1990-12-17,0.0
1990-12-24,0.0
1990-12-31,0.0
1991-01-07,0.0
1991-01-14,0.0
1991-01-21,0.0
1991-01-28,0.0
1991-02-04,0.0
1991-02-11,0.0
1991-02-18,0.0
1991-02-25,0.0
1991-03-04,0.0
1991-03-11,0.0
1991-03-18,0.0
1991-03-25,0.0
1991-04-01,0.0
1991-04-08,0.0
1991-04-15,0.0
1991-04-22,0.0
1991-04-29,0.0
1991-05-06,0.0
1991-05-13,0.0
1991-05-20,0.0
1991-05-27,0.0
1991-06-03,0.0
1991-06-10,0.0
1991-06-17,0.0
1991-06-24,0.0
1991-07-01,0.0
1991-07-08,0.0
1991-07-15,0.0
1991-07-22,0.0
1991-07-29,0.0
1991-08-05,0.0
1991-08-12,0.0
1991-08-19,0.0
1991-08-26,0.0
1991-09-02,0.0
1991-09-09,0.0
1991-09-16,0.0
1991-09-23,0.0
1991-09-30,0.0
1991-10-07,0.0
1991-10-14,0.0
1991-10-21,0.0
1991-10-28,0.0
1991-11-04,0.0
1991-11-11,0.0
1991-11-18,0.0
1991-11-25,0.0
1991-12-02,0.0
1991-12-09,0.0
1991-12-16,0.0
1991-12-23,0.0
1991-12-30,0.0
1992-01-06,0.0
1992-01-13,0.0
1992-01-20,0.0
1992-01-27,0.0
1992-02-03,0.0
1992-02-10,0.0
1992-02-17,0.0
1992-02-24,0.0
1992-03-02,0.0
1992-03-09,0.0
1992-03-16,0.0
1992-03-23,0.0
1992-03-30,0.0
1992-04-06,0.0
1992-04-13,0.0
1992-04-20,0.0
1992-04-27,0.0
1992-05-04,0.0
1992-05-11,0.0
1992-05-18,0.0
1992-05-25,0.0
1992-06-01,0.0
1992-06-08,0.0
1992-06-15,0.0
1992-06-22,0.0
1992-06-29,0.0
1992-07-06,0.0
1992-07-13,0.0
1992-07-20,0.0
1992-07-27,0.0
1992-08-03,0.0
1992-08-10,0.0
1992-08-17,0.0
1992-08-24,0.0
1992-08-31,0.0
1992-09-07,0.0
1992-09-14,0.0
1992-09-21,0.0
1992-09-28,0.0
1992-10-05,0.0
1992-10-12,0.0
1992-10-19,0.0
1992-10-26,0.0
1992-11-02,0.0
1992-11-09,0.0
1992-11-16,0.0
1992-11-23,0.0
1992-11-30,0.0
1992-12-07,0.0
1992-12-14,0.0
1992-12-21,0.0
1992-12-28,0.0
1993-01-04,0.0
1993-01-11,0.0
1993-01-18,0.0
1993-01-25,0.0
1993-02-01,0.0
1993-02-08,0.0
1993-02-15,0.0
1993-02-22,0.0
1993-03-01,0.0
1993-03-08,0.0
1993-03-15,0.0
1993-03-22,0.0
1993-03-29,0.0
1993-04-05,0.0
1993-04-12,0.0
1993-04-19,0.0
1993-04-26,0.0
1993-05-03,0.0
1993-05-10,0.0
1993-05-17,0.0
1993-05-24,0.0
1993-05-31,0.0
1993-06-07,0.0
1993-06-14,0.0
1993-06-21,0.0
1993-06-28,0.0
1993-07-05,0.0
1993-07-12,0.0
1993-07-19,0.0
1993-07-26,0.0
1993-08-02,0.0
1993-08-09,0.0
1993-08-16,0.0
1993-08-23,0.0
1993-08-30,0.0
1993-09-06,0.0
1993-09-13,0.0
1993-09-20,0.0
1993-09-27,0.0
1993-10-04,0.0
1993-10-11,0.0
1993-10-18,0.0
1993-10-25,0.0
1993-11-01,0.0
1993-11-08,0.0
1993-11-15,0.0
1993-11-22,0.0
1993-11-29,0.0
1993-12-06,0.0
1993-12-13,0.0
1993-12-20,0.0
1993-12-27,0.0
1994-01-03,0.0
1994-01-10,0.0
1994-01-17,0.0
1994-01-24,0.0
1994-01-31,0.0
1994-02-07,0.0
1994-02-14,0.0
1994-02-21,0.0
1994-02-28,0.0
1994-03-07,0.0
1994-03-14,0.0
1994-03-21,0.0
1994-03-28,0.0
1994-04-04,0.0
1994-04-11,0.0
1994-04-18,0.0
1994-04-25,0.0
1994-05-02,0.0
1994-05-09,0.0
1994-05-16,0.0
1994-05-23,0.0
1994-05-30,0.0
1994-06-06,0.0
1994-06-13,0.0
1994-06-20,0.0
1994-06-27,0.0
1994-07-04,0.0
1994-07-11,0.0
1994-07-18,0.0
1994-07-25,0.0
1994-08-01,0.0
1994-08-08,0.0
1994-08-15,0.0
1994-08-22,0.0
1994-08-29,0.0
1994-09-05,0.0
1994-09-12,0.0
1994-09-19,0.0
1994-09-26,0.0
1994-10-03,0.0
1994-10-10,0.0
1994-10-17,0.0
1994-10-24,0.0
1994-10-31,0.0
1994-11-07,0.0
1994-11-14,0.0
1994-11-21,0.0
1994-11-28,0.0
1994-12-05,0.0
1994-12-12,0.0
1994-12-19,0.0
1994-12-26,0.0
1995-01-02,0.0
1995-01-09,0.0
1995-01-16,0.0
1995-01-23,0.0
1995-01-30,0.0
1995-02-06,0.0
1995-02-13,0.0
1995-02-20,0.0
1995-02-27,0.0
1995-03-06,0.0
1995-03-13,0.0
1995-03-20,0.0
1995-03-27,0.0
1995-04-03,0.0
1995-04-10,0.0
1995-04-17,0.0
1995-04-24,0.0
1995-05-01,0.0
1995-05-08,0.0
1995-05-15,0.0
1995-05-22,0.0
1995-05-29,0.0
1995-06-05,0.0
1995-06-12,0.0
1995-06-19,0.0
1995-06-26,0.0
1995-07-03,0.0
1995-07-10,0.0
1995-07-17,0.0
1995-07-24,0.0
1995-07-31,0.0
1995-08-07,0.0
1995-08-14,0.0
1995-08-21,0.0
1995-08-28,0.0
1995-09-04,0.0
1995-09-11,0.0
1995-09-18,0.0
1995-09-25,0.0
1995-10-02,0.0
1995-10-09,0.0
1995-10-16,0.0
1995-10-23,0.0
1995-10-30,0.0
1995-11-06,0.0
1995-11-13,0.0
1995-11-20,0.0
1995-11-27,0.0
1995-12-04,0.0
1995-12-11,0.0
1995-12-18,0.0
1995-12-25,0.0
1996-01-01,0.0
1996-01-08,0.0
1996-01-15,0.0
1996-01-22,0.0
1996-01-29,0.0
1996-02-05,0.0
1996-02-12,0.0
1996-02-19,0.0
1996-02-26,0.0
1996-03-04,0.0
1996-03-11,0.0
1996-03-18,0.0
1996-03-25,0.0
1996-04-01,0.0
1996-04-08,0.0
1996-04-15,0.0
1996-04-22,0.0
1996-04-29,0.0
1996-05-06,0.0
1996-05-13,0.0
1996-05-20,0.0
1996-05-27,0.0
1996-06-03,0.0
1996-06-10,0.0
1996-06-17,0.0
1996-06-24,0.0
1996-07-01,0.0
1996-07-08,0.0
1996-07-15,0.0
1996-07-22,0.0
1996-07-29,0.0
1996-08-05,0.0
1996-08-12,0.0
1996-08-19,0.0
1996-08-26,0.0
1996-09-02,0.0
1996-09-09,0.0
1996-09-16,0.0
1996-09-23,0.0
1996-09-30,0.0
1996-10-07,0.0
1996-10-14,0.0
1996-10-21,0.0
1996-10-28,0.0
1996-11-04,0.0
1996-11-11,0.0
1996-11-18,0.0
1996-11-25,0.0
1996-12-02,0.0
1996-12-09,0.0
1996-12-16,0.0
1996-12-23,0.0
1996-12-30,0.0
1997-01-06,0.0
1997-01-13,0.0
1997-01-20,0.0
1997-01-27,0.0
1997-02-03,0.0
1997-02-10,0.0
1997-02-17,0.0
1997-02-24,0.0
1997-03-03,0.0
1997-03-10,0.0
1997-03-17,0.0
1997-03-24,0.0
1997-03-31,0.0
1997-04-07,0.0
1997-04-14,0.0
1997-04-21,0.0
1997-04-28,0.0
1997-05-05,0.0
1997-05-12,0.0
1997-05-19,0.0
1997-05-26,0.0
1997-06-02,0.0
1997-06-09,0.0
1997-06-16,0.0
1997-06-23,0.0
1997-06-30,0.0
1997-07-07,0.0
1997-07-14,0.0
1997-07-21,0.0
1997-07-28,0.0
1997-08-04,0.0
1997-08-11,0.0
1997-08-18,0.0
1997-08-25,0.0
1997-09-01,0.0
1997-09-08,0.0
1997-09-15,0.0
1997-09-22,0.0
1997-09-29,0.0
1997-10-06,0.0
1997-10-13,0.0
1997-10-20,0.0
1997-10-27,0.0
1997-11-03,0.0
1997-11-10,0.0
1997-11-17,0.0
1997-11-24,0.0
1997-12-01,0.0
1997-12-08,0.0
1997-12-15,0.0
1997-12-22,0.0
1997-12-29,0.0
1998-01-05,0.0
1998-01-12,0.0
1998-01-19,0.0
1998-01-26,0.0
1998-02-02,0.0
1998-02-09,0.0
1998-02-16,0.0
1998-02-23,0.0
1998-03-02,0.0
1998-03-09,0.0
1998-03-16,0.0
1998-03-23,0.0
1998-03-30,0.0
1998-04-06,0.0
1998-04-13,0.0
1998-04-20,0.0
1998-04-27,0.0
1998-05-04,0.0
1998-05-11,0.0
1998-05-18,0.0
1998-05-25,0.0
1998-06-01,0.0
1998-06-08,0.0
1998-06-15,0.0
1998-06-22,0.0
1998-06-29,0.0
1998-07-06,0.0
1998-07-13,0.0
1998-07-20,0.0
1998-07-27,0.0
1998-08-03,0.0
1998-08-10,0.0
1998-08-17,0.0
1998-08-24,0.0
1998-08-31,0.0
1998-09-07,0.0
1998-09-14,0.0
1998-09-21,0.0
1998-09-28,0.0
1998-10-05,0.0
1998-10-12,0.0
1998-10-19,0.0
1998-10-26,0.0
1998-11-02,0.0
1998-11-09,0.0
1998-11-16,0.0
1998-11-23,0.0
1998-11-30,0.0
1998-12-07,0.0
1998-12-14,0.0
1998-12-21,0.0
1998-12-28,0.0
1999-01-04,0.0
1999-01-11,0.0
1999-01-18,0.0
1999-01-25,0.0
1999-02-01,0.0
1999-02-08,0.0
1999-02-15,0.0
1999-02-22,0.0
1999-03-01,0.0
1999-03-08,0.0
1999-03-15,0.0
1999-03-22,0.0
1999-03-29,0.0
1999-04-05,0.0
1999-04-12,0.0
1999-04-19,0.0
1999-04-26,0.0
1999-05-03,0.0
1999-05-10,0.0
1999-05-17,0.0
1999-05-24,0.0
1999-05-31,0.0
1999-06-07,0.0
1999-06-14,0.0
1999-06-21,0.0
1999-06-28,0.0
1999-07-05,0.0
1999-07-12,0.0
1999-07-19,0.0
1999-07-26,0.0
1999-08-02,0.0
1999-08-09,0.0
1999-08-16,0.0
1999-08-23,0.0
1999-08-30,0.0
1999-09-06,0.0
1999-09-13,0.0
1999-09-20,0.0
1999-09-27,0.0
1999-10-04,0.0
1999-10-11,0.0
1999-10-18,0.0
1999-10-25,0.0
1999-11-01,0.0
1999-11-08,0.0
1999-11-15,0.0
1999-11-22,0.0
1999-11-29,0.0
1999-12-06,0.0
1999-12-13,0.0
1999-12-20,0.0
1999-12-27,0.0
2000-01-03,0.0
2000-01-10,0.0
2000-01-17,0.0
2000-01-24,0.0
2000-01-31,0.0
2000-02-07,0.0
2000-02-14,0.0
2000-02-21,0.0
2000-02-28,0.0
2000-03-06,0.0
2000-03-13,0.0
2000-03-20,0.0
2000-03-27,0.0
2000-04-03,0.0
2000-04-10,0.0
2000-04-17,0.0
2000-04-24,0.0
2000-05-01,0.0
2000-05-08,0.0
2000-05-15,0.0
2000-05-22,0.0
2000-05-29,0.0
2000-06-05,0.0
2000-06-12,0.0
2000-06-19,0.0
2000-06-26,0.0
2000-07-03,0.0
2000-07-10,0.0
2000-07-17,0.0
2000-07-24,0.0
2000-07-31,0.0
2000-08-07,0.0
2000-08-14,0.0
2000-08-21,0.0
2000-08-28,0.0
2000-09-04,0.0
2000-09-11,0.0
2000-09-18,0.0
2000-09-25,0.0
2000-10-02,0.0
2000-10-09,0.0
2000-10-16,0.0
2000-10-23,0.0
2000-10-30,0.0
2000-11-06,0.0
2000-11-13,0.0
2000-11-20,0.0
2000-11-27,0.0
2000-12-04,0.0
2000-12-11,0.0
2000-12-18,0.0
2000-12-25,0.0
2001-01-01,0.0
2001-01-08,0.0
2001-01-15,0.0
2001-01-22,0.0
2001-01-29,0.0
2001-02-05,0.0
2001-02-12,0.0
2001-02-19,0.0
2001-02-26,0.0
2001-03-05,0.0
2001-03-12,0.0
2001-03-19,0.0
2001-03-26,0.0
2001-04-02,0.0
2001-04-09,0.0
2001-04-16,0.0
2001-04-23,0.0
2001-04-30,0.0
2001-05-07,0.0
2001-05-14,0.0
2001-05-21,0.0
2001-05-28,0.0
2001-06-04,0.0
2001-06-11,0.0
2001-06-18,0.0
2001-06-25,0.0
2001-07-02,0.0
2001-07-09,0.0
2001-07-16,0.0
2001-07-23,0.0
2001-07-30,0.0
2001-08-06,0.0
2001-08-13,0.0
2001-08-20,0.0
2001-08-27,0.0
2001-09-03,0.0
2001-09-10,0.0
2001-09-17,0.0
2001-09-24,0.0
2001-10-01,0.0
2001-10-08,0.0
2001-10-15,0.0
2001-10-22,0.0
2001-10-29,0.0
2001-11-05,0.0
2001-11-12,0.0
2001-11-19,0.0
2001-11-26,0.0
2001-12-03,0.0
2001-12-10,0.0
2001-12-17,0.0
2001-12-24,0.0
2001-12-31,0.0
2002-01-07,0.0
2002-01-14,0.0
2002-01-21,0.0
2002-01-28,0.0
2002-02-04,0.0
2002-02-11,0.0
2002-02-18,0.0
2002-02-25,0.0
2002-03-04,0.0
2002-03-11,0.0
2002-03-18,0.0
2002-03-25,0.0
2002-04-01,0.0
2002-04-08,0.0
2002-04-15,0.0
2002-04-22,0.0
2002-04-29,0.0
2002-05-06,0.0
2002-05-13,0.0
2002-05-20,0.0
2002-05-27,0.0
2002-06-03,0.0
2002-06-10,0.0
2002-06-17,0.0
2002-06-24,0.0
2002-07-01,0.0
2002-07-08,0.0
2002-07-15,0.0
2002-07-22,0.0
2002-07-29,0.0
2002-08-05,0.0
2002-08-12,0.0
2002-08-19,0.0
2002-08-26,0.0
2002-09-02,0.0
2002-09-09,0.0
2002-09-16,0.0
2002-09-23,0.0
2002-09-30,0.0
2002-10-07,0.0
2002-10-14,0.0
2002-10-21,0.0
2002-10-28,0.0
2002-11-04,0.0
2002-11-11,0.0
2002-11-18,0.0
2002-11-25,0.0
2002-12-02,0.0
2002-12-09,0.0
2002-12-16,0.0
2002-12-23,0.0
2002-12-30,0.0
2003-01-06,0.0
2003-01-13,0.0
2003-01-20,0.0
2003-01-27,0.0
2003-02-03,0.0
2003-02-10,0.0
2003-02-17,0.0
2003-02-24,0.0
2003-03-03,0.0
2003-03-10,0.0
2003-03-17,0.0
2003-03-24,0.0
2003-03-31,0.0
2003-04-07,0.0
2003-04-14,0.0
2003-04-21,0.0
2003-04-28,0.0
2003-05-05,0.0
2003-05-12,0.0
2003-05-19,0.0
2003-05-26,0.0
2003-06-02,0.0
2003-06-09,0.0
2003-06-16,0.0
2003-06-23,0.0
2003-06-30,0.0
2003-07-07,0.0
2003-07-14,0.0
2003-07-21,0.0
2003-07-28,0.0
2003-08-04,0.0
2003-08-11,0.0
2003-08-18,0.0
2003-08-25,0.0
2003-09-01,0.0
2003-09-08,0.0
2003-09-15,0.0
2003-09-22,0.0
2003-09-29,0.0
2003-10-06,0.0
2003-10-13,0.0
2003-10-20,0.0
2003-10-27,0.0
2003-11-03,0.0
2003-11-10,0.0
2003-11-17,0.0
2003-11-24,0.0
2003-12-01,0.0
2003-12-08,0.0
2003-12-15,0.0
2003-12-22,0.0
2003-12-29,0.0
2004-01-05,0.0
2004-01-12,0.0
2004-01-19,0.0
2004-01-26,0.0
2004-02-02,0.0
2004-02-09,0.0
2004-02-16,0.0
2004-02-23,0.0
2004-03-01,0.0
2004-03-08,0.0
2004-03-15,0.0
2004-03-22,0.0
2004-03-29,0.0
2004-04-05,0.0
2004-04-12,0.0
2004-04-19,0.0
2004-04-26,0.0
2004-05-03,0.0
2004-05-10,0.0
2004-05-17,0.0
2004-05-24,0.0
2004-05-31,0.0
2004-06-07,0.0
2004-06-14,0.0
2004-06-21,0.0
2004-06-28,0.0
2004-07-05,0.0
2004-07-12,0.0
2004-07-19,0.0
2004-07-26,0.0
2004-08-02,0.0
2004-08-09,0.0
2004-08-16,0.0
2004-08-23,0.0
2004-08-30,0.0
2004-09-06,0.0
2004-09-13,0.0
2004-09-20,0.0
2004-09-27,0.0
2004-10-04,0.0
2004-10-11,0.0
2004-10-18,0.0
2004-10-25,0.0
2004-11-01,0.0
2004-11-08,0.0
2004-11-15,0.0
2004-11-22,0.0
2004-11-29,0.0
2004-12-06,0.0
2004-12-13,0.0
2004-12-20,0.0
2004-12-27,0.0
2005-01-03,0.0
2005-01-10,0.0
2005-01-17,0.0
2005-01-24,0.0
2005-01-31,0.0
2005-02-07,0.0
2005-02-14,0.0
2005-02-21,0.0
2005-02-28,0.0
2005-03-07,0.0
2005-03-14,0.0
2005-03-21,0.0
2005-03-28,0.0
2005-04-04,0.0
2005-04-11,0.0
2005-04-18,0.0
2005-04-25,0.0
2005-05-02,0.0
2005-05-09,0.0
2005-05-16,0.0
2005-05-23,0.0
2005-05-30,0.0
2005-06-06,0.0
2005-06-13,0.0
2005-06-20,0.0
2005-06-27,0.0
2005-07-04,0.0
2005-07-11,0.0
2005-07-18,0.0
2005-07-25,0.0
2005-08-01,0.0
2005-08-08,0.0
2005-08-15,0.0
2005-08-22,0.0
2005-08-29,0.0
2005-09-05,0.0
2005-09-12,0.0
2005-09-19,0.0
2005-09-26,0.0
2005-10-03,0.0
2005-10-10,0.0
2005-10-17,0.0
2005-10-24,0.0
2005-10-31,0.0
2005-11-07,0.0
2005-11-14,0.0
2005-11-21,0.0
2005-11-28,0.0
2005-12-05,0.0
2005-12-12,0.0
2005-12-19,0.0
2005-12-26,0.0
2006-01-02,0.0
2006-01-09,0.0
2006-01-16,0.0
2006-01-23,0.0
2006-01-30,0.0
2006-02-06,0.0
2006-02-13,0.0
2006-02-20,0.0
2006-02-27,0.0
2006-03-06,0.0
2006-03-13,0.0
2006-03-20,0.0
2006-03-27,0.0
2006-04-03,0.0
2006-04-10,0.0
2006-04-17,0.0
2006-04-24,0.0
2006-05-01,0.0
2006-05-08,0.0
2006-05-15,0.0
2006-05-22,0.0
2006-05-29,0.0
2006-06-05,0.0
2006-06-12,0.0
2006-06-19,0.0
2006-06-26,0.0
2006-07-03,0.0
2006-07-10,0.0
2006-07-17,0.0
2006-07-24,0.0
2006-07-31,0.0
2006-08-07,0.0
2006-08-14,0.0
2006-08-21,0.0
2006-08-28,0.0
2006-09-04,0.0
2006-09-11,0.0
2006-09-18,0.0
2006-09-25,0.0
2006-10-02,0.0
2006-10-09,0.0
2006-10-16,0.0
2006-10-23,0.0
2006-10-30,0.0
2006-11-06,0.0
2006-11-13,0.0
2006-11-20,0.0
2006-11-27,0.0
2006-12-04,0.0
2006-12-11,0.0
2006-12-18,0.0
2006-12-25,0.0
2007-01-01,0.0
2007-01-08,0.0
2007-01-15,0.0
2007-01-22,0.0
2007-01-29,0.0
2007-02-05,0.0
2007-02-12,0.0
2007-02-19,0.0
2007-02-26,0.0
2007-03-05,0.0
2007-03-12,0.0
2007-03-19,0.0
2007-03-26,0.0
2007-04-02,0.0
2007-04-09,0.0
2007-04-16,0.0
2007-04-23,0.0
2007-04-30,0.0
2007-05-07,0.0
2007-05-14,0.0
2007-05-21,0.0
2007-05-28,0.0
2007-06-04,0.0
2007-06-11,0.0
2007-06-18,0.0
2007-06-25,0.0
2007-07-02,0.0
2007-07-09,0.0
2007-07-16,0.0
2007-07-23,0.0
2007-07-30,0.0
2007-08-06,0.0
2007-08-13,0.0
2007-08-20,0.0
2007-08-27,0.0
2007-09-03,0.0
2007-09-10,0.0
2007-09-17,0.0
2007-09-24,0.0
2007-10-01,0.0
2007-10-08,0.0
2007-10-15,0.0
2007-10-22,0.0
2007-10-29,0.0
2007-11-05,0.0
2007-11-12,0.0
2007-11-19,0.0
2007-11-26,0.0
2007-12-03,0.0
2007-12-10,0.0
2007-12-17,0.0
2007-12-24,0.0
2007-12-31,0.0
2008-01-07,0.0
2008-01-14,0.0
2008-01-21,0.0
2008-01-28,0.0
2008-02-04,0.0
2008-02-11,0.0
2008-02-18,0.0
2008-02-25,0.0
2008-03-03,0.0
2008-03-10,0.0
2008-03-17,0.0
2008-03-24,0.0
2008-03-31,0.0
2008-04-07,0.0
2008-04-14,0.0
2008-04-21,0.0
2008-04-28,0.0
2008-05-05,0.0
2008-05-12,0.0
2008-05-19,0.0
2008-05-26,0.0
2008-06-02,0.0
2008-06-09,0.0
2008-06-16,0.0
2008-06-23,0.0
2008-06-30,0.0
2008-07-07,0.0
2008-07-14,0.0
2008-07-21,0.0
2008-07-28,0.0
2008-08-04,0.0
2008-08-11,0.0
2008-08-18,0.0
2008-08-25,0.0
2008-09-01,0.0
2008-09-08,0.0
2008-09-15,0.0
2008-09-22,0.0
2008-09-29,0.0
2008-10-06,0.0
2008-10-13,0.0
2008-10-20,0.0
2008-10-27,0.0
2008-11-03,0.0
2008-11-10,0.0
2008-11-17,0.0
2008-11-24,0.0
2008-12-01,0.0
2008-12-08,0.0
2008-12-15,0.0
2008-12-22,0.0
2008-12-29,0.0
2009-01-05,0.0
2009-01-12,0.0
2009-01-19,0.0
2009-01-26,0.0
2009-02-02,0.0
2009-02-09,0.0
2009-02-16,0.0
2009-02-23,0.0
2009-03-02,0.0
2009-03-09,0.0
2009-03-16,0.0
2009-03-23,0.0
2009-03-30,6.0
2009-04-06,0.0
2009-04-13,0.0
2009-04-20,0.0
2009-04-27,0.0
2009-05-04,0.0
2009-05-11,3.0
2009-05-18,0.0
2009-05-25,0.0
2009-06-01,0.0
2009-06-08,0.0
2009-06-15,0.0
2009-06-22,0.0
2009-06-29,0.0
2009-07-06,0.0
2009-07-13,0.0
2009-07-20,0.0
2009-07-27,0.0
2009-08-03,0.0
2009-08-10,0.0
2009-08-17,0.0
2009-08-24,0.0
2009-08-31,0.0
2009-09-07,10.0
2009-09-14,7.0
2009-09-21,0.0
2009-09-28,0.0
2009-10-05,0.0
2009-10-12,0.0
2009-10-19,0.0
2009-10-26,0.0
2009-11-02,0.0
2009-11-09,0.0
2009-11-16,1.0
2009-11-23,0.0
2009-11-30,3.0
2009-12-07,0.0
2009-12-14,0.0
2009-12-21,0.0
2009-12-28,0.0
2010-01-04,0.0
2010-01-11,0.0
2010-01-18,14.0
2010-01-25,0.0
2010-02-01,4.0
2010-02-08,0.0
2010-02-15,0.0
2010-02-22,0.0
2010-03-01,0.0
2010-03-08,0.0
2010-03-15,9.0
2010-03-22,13.0
2010-03-29,0.0
2010-04-05,0.0
2010-04-12,1.0
2010-04-19,2.0
2010-04-26,1.0
2010-05-03,0.0
2010-05-10,0.0
2010-05-17,0.0
2010-05-24,0.0
2010-05-31,2.0
2010-06-07,0.0
2010-06-14,0.0
2010-06-21,0.0
2010-06-28,0.0
2010-07-05,4.0
2010-07-12,0.0
2010-07-19,1.0
2010-07-26,4.0
2010-08-02,0.0
2010-08-09,0.0
2010-08-16,0.0
2010-08-23,0.0
2010-08-30,0.0
2010-09-06,0.0
2010-09-13,0.0
2010-09-20,2.0
2010-09-27,0.0
2010-10-04,0.0
2010-10-11,0.0
2010-10-18,0.0
2010-10-25,0.0
2010-11-01,0.0
2010-11-08,0.0
2010-11-15,0.0
2010-11-22,4.0
2010-11-29,22.0
2010-12-06,3.0
2010-12-13,0.0
2010-12-20,0.0
2010-12-27,4.0
2011-01-03,0.0
2011-01-10,0.0
2011-01-17,0.0
2011-01-24,0.0
2011-01-31,0.0
2011-02-07,0.0
2011-02-14,0.0
2011-02-21,11.0
2011-02-28,28.0
2011-03-07,24.0
2011-03-14,4.0
2011-03-21,0.0
2011-03-28,12.0
2011-04-04,49.0
2011-04-11,0.0
2011-04-18,1.0
2011-04-25,0.0
2011-05-02,0.0
2011-05-09,0.0
2011-05-16,0.0
2011-05-23,0.0
2011-05-30,0.0
2011-06-06,0.0
2011-06-13,0.0
2011-06-20,0.0
2011-06-27,1.0
2011-07-04,21.0
2011-07-11,0.0
2011-07-18,0.0
2011-07-25,0.0
2011-08-01,1.0
2011-08-08,0.0
2011-08-15,0.0
2011-08-22,0.0
2011-08-29,0.0
2011-09-05,0.0
2011-09-12,0.0
2011-09-19,0.0
2011-09-26,0.0
2011-10-03,0.0
2011-10-10,20.0
2011-10-17,50.0
2011-10-24,123.0
2011-10-31,15.0
2011-11-07,2.0
2011-11-14,14.0
2011-11-21,1.0
2011-11-28,4.0
2011-12-05,2.0
2011-12-12,0.0
2011-12-19,0.0
2011-12-26,0.0
2012-01-02,2.0
2012-01-09,0.0
2012-01-16,2.0
2012-01-23,0.0
2012-01-30,11.0
2012-02-06,5.0
2012-02-13,9.0
2012-02-20,18.0
2012-02-27,25.0
2012-03-05,107.0
2012-03-12,39.0
2012-03-19,3.0
2012-03-26,6.0
2012-04-02,0.0
2012-04-09,3.0
2012-04-16,0.0
2012-04-23,2.0
2012-04-30,6.0
2012-05-07,3.0
2012-05-14,0.0
2012-05-21,27.0
2012-05-28,4.0
2012-06-04,0.0
2012-06-11,1.0
2012-06-18,5.0
2012-06-25,0.0
2012-07-02,3.0
2012-07-09,3.0
2012-07-16,0.0
2012-07-23,2.0
2012-07-30,0.0
2012-08-06,2.0
2012-08-13,4.0
2012-08-20,7.0
2012-08-27,1.0
2012-09-03,0.0
2012-09-10,0.0
2012-09-17,0.0
2012-09-24,0.0
2012-10-01,4.0
2012-10-08,22.0
2012-10-15,1.0
2012-10-22,0.0
2012-10-29,4.0
2012-11-05,0.0
2012-11-12,5.0
2012-11-19,12.0
2012-11-26,3.0
2012-12-03,16.0
2012-12-10,4.0
2012-12-17,0.0
2012-12-24,2.0
2012-12-31,14.0
2013-01-07,18.0
2013-01-14,12.0
2013-01-21,7.0
2013-01-28,4.0
2013-02-04,30.0
2013-02-11,1.0
2013-02-18,26.0
2013-02-25,4.0
2013-03-04,5.0
2013-03-11,2.0
2013-03-18,7.0
2013-03-25,0.0
2013-04-01,0.0
2013-04-08,1.0
2013-04-15,0.0
2013-04-22,1.0
2013-04-29,11.0
2013-05-06,12.0
2013-05-13,7.0
2013-05-20,4.0
2013-05-27,0.0
2013-06-03,8.0
2013-06-10,0.0
2013-06-17,8.0
2013-06-24,0.0
2013-07-01,3.0
2013-07-08,1.0
2013-07-15,9.0
2013-07-22,1.0
2013-07-29,0.0
2013-08-05,7.0
2013-08-12,1.0
2013-08-19,0.0
2013-08-26,3.0
2013-09-02,0.0
2013-09-09,5.0
2013-09-16,2.0
2013-09-23,1.0
2013-09-30,4.0
2013-10-07,4.0
2013-10-14,4.0
2013-10-21,6.0
2013-10-28,0.0
2013-11-04,0.0
2013-11-11,9.0
2013-11-18,14.0
2013-11-25,4.0
2013-12-02,1.0
2013-12-09,18.0
2013-12-16,34.0
2013-12-23,5.0
2013-12-30,3.0
2014-01-06,18.0
2014-01-13,4.0
2014-01-20,6.0
2014-01-27,17.0
2014-02-03,34.0
2014-02-10,3.0
2014-02-17,7.0
2014-02-24,4.0
2014-03-03,5.0
2014-03-10,27.0
2014-03-17,13.0
2014-03-24,40.0
2014-03-31,35.0
2014-04-07,13.0
2014-04-14,17.0
2014-04-21,19.0
2014-04-28,22.0
2014-05-05,4.0
2014-05-12,20.0
2014-05-19,11.0
2014-05-26,8.0
2014-06-02,4.0
2014-06-09,4.0
2014-06-16,1.0
2014-06-23,14.0
2014-06-30,22.0
2014-07-07,44.0
2014-07-14,76.0
2014-07-21,60.0
2014-07-28,94.0
2014-08-04,40.0
2014-08-11,10.0
2014-08-18,25.0
2014-08-25,27.0
2014-09-01,23.0
2014-09-08,18.0
2014-09-15,18.0
2014-09-22,21.0
2014-09-29,25.0
2014-10-06,10.0
2014-10-13,10.0
2014-10-20,1.0
2014-10-27,16.0
2014-11-03,29.0
2014-11-10,40.0
2014-11-17,23.0
2014-11-24,42.0
2014-12-01,45.0
2014-12-08,16.0
2014-12-15,43.0
2014-12-22,19.0
2014-12-29,14.0
2015-01-05,13.0
2015-01-12,16.0
2015-01-19,59.0
2015-01-26,17.0
2015-02-02,18.0
2015-02-09,10.0
2015-02-16,44.0
2015-02-23,43.0
2015-03-02,20.0
2015-03-09,37.0
2015-03-16,16.0
2015-03-23,9.0
2015-03-30,37.0
2015-04-06,27.0
2015-04-13,39.0
2015-04-20,25.0
2015-04-27,72.0
2015-05-04,45.0
2015-05-11,24.0
2015-05-18,38.0
2015-05-25,25.0
2015-06-01,16.0
2015-06-08,40.0
2015-06-15,61.0
2015-06-22,33.0
2015-06-29,15.0
2015-07-06,11.0
2015-07-13,26.0
2015-07-20,42.0
2015-07-27,39.0
2015-08-03,17.0
2015-08-10,13.0
2015-08-17,38.0
2015-08-24,20.0
2015-08-31,4.0
2015-09-07,22.0
2015-09-14,23.0
2015-09-21,7.0
2015-09-28,15.0
2015-10-05,8.0
2015-10-12,8.0
2015-10-19,15.0
2015-10-26,58.0
2015-11-02,15.0
2015-11-09,30.0
2015-11-16,38.0
2015-11-23,48.0
2015-11-30,67.0
2015-12-07,39.0
2015-12-14,10.0
2015-12-21,22.0
2015-12-28,32.0
2016-01-04,29.0
2016-01-11,24.0
2016-01-18,11.0
2016-01-25,51.0
2016-02-01,34.0
2016-02-08,27.0
2016-02-15,24.0
2016-02-22,32.0
2016-02-29,7.0
2016-03-07,3.0
2016-03-14,20.0
2016-03-21,27.0
2016-03-28,19.0
2016-04-04,12.0
2016-04-11,21.0
2016-04-18,2.0
2016-04-25,16.0
2016-05-02,6.0
2016-05-09,9.0
2016-05-16,4.0
2016-05-23,2.0
2016-05-30,7.0
2016-06-06,17.0
2016-06-13,9.0
2016-06-20,7.0
2016-06-27,15.0
2016-07-04,15.0
2016-07-11,17.0
2016-07-18,9.0
2016-07-25,33.0
2016-08-01,19.0
2016-08-08,23.0
2016-08-15,42.0
2016-08-22,21.0
2016-08-29,13.0
2016-09-05,13.0
2016-09-12,23.0
2016-09-19,97.0
2016-09-26,78.0
2016-10-03,28.0
2016-10-10,29.0
2016-10-17,19.0
2016-10-24,9.0
2016-10-31,9.0
2016-11-07,3.0
2016-11-14,1.0
2016-11-21,9.0
2016-11-28,4.0
2016-12-05,9.0
2016-12-12,3.0
2016-12-19,1.0
2016-12-26,2.0
2017-01-02,4.0
2017-01-09,54.0
2017-01-16,5.0
2017-01-23,0.0
2017-01-30,6.0
2017-02-06,31.0
2017-02-13,68.0
2017-02-20,8.0
2017-02-27,20.0
2017-03-06,21.0
2017-03-13,32.0
2017-03-20,30.0
2017-03-27,63.0
2017-04-03,80.0
2017-04-10,27.0
2017-04-17,17.0
2017-04-24,7.0
2017-05-01,6.0
2017-05-08,5.0
2017-05-15,1.0
2017-05-22,5.0
2017-05-29,7.0
2017-06-05,17.0
2017-06-12,14.0
2017-06-19,3.0
2017-06-26,6.0
2017-07-03,12.0
2017-07-10,1.0
2017-07-17,28.0
2017-07-24,10.0
2017-07-31,3.0
2017-08-07,0.0
2017-08-14,5.0
2017-08-21,3.0
2017-08-28,33.0
2017-09-04,40.0
2017-09-11,6.0
2017-09-18,6.0
2017-09-25,6.0
2017-10-02,9.0
2017-10-09,54.0
2017-10-16,14.0
2017-10-23,6.0
2017-10-30,36.0
2017-11-06,4.0
2017-11-13,3.0
2017-11-20,6.0
2017-11-27,6.0
2017-12-04,36.0
2017-12-11,37.0
2017-12-18,17.0
2017-12-25,15.0
2018-01-01,74.0
2018-01-08,61.0
2018-01-15,24.0
2018-01-22,8.0
2018-01-29,22.0
2018-02-05,14.0
2018-02-12,14.0
2018-02-19,22.0
2018-02-26,40.0
2018-03-05,45.0
2018-03-12,14.0
2018-03-19,76.0
2018-03-26,50.0
2018-04-02,36.0
2018-04-09,43.0
2018-04-16,10.0
2018-04-23,22.0
2018-04-30,16.0
2018-05-07,36.0
2018-05-14,42.0
2018-05-21,12.0
2018-05-28,25.0
2018-06-04,29.0
2018-06-11,28.0
2018-06-18,31.0
2018-06-25,10.0
2018-07-02,11.0
2018-07-09,5.0
2018-07-16,33.0
2018-07-23,6.0
2018-07-30,18.0
2018-08-06,1.0
2018-08-13,47.0
2018-08-20,2.0
2018-08-27,12.0
2018-09-03,23.0
2018-09-10,36.0
2018-09-17,17.0
2018-09-24,30.0
2018-10-01,9.0
2018-10-08,21.0
2018-10-15,7.0
2018-10-22,36.0
2018-10-29,18.0
2018-11-05,46.0
2018-11-12,25.0
2018-11-19,7.0
2018-11-26,2.0
2018-12-03,54.0
2018-12-10,25.0
2018-12-17,23.0
2018-12-24,12.0
2018-12-31,28.0
2019-01-07,23.0
2019-01-14,5.0
2019-01-21,4.0
2019-01-28,12.0
2019-02-04,5.0
2019-02-11,4.0
2019-02-18,26.0
2019-02-25,16.0
2019-03-04,30.0
2019-03-11,16.0
2019-03-18,1.0
2019-03-25,3.0
2019-04-01,3.0
2019-04-08,3.0
2019-04-15,3.0
2019-04-22,7.0
2019-04-29,2.0
2019-05-06,3.0
2019-05-13,2.0
2019-05-20,8.0
2019-05-27,44.0
2019-06-03,55.0
2019-06-10,54.0
2019-06-17,31.0
2019-06-24,22.0
2019-07-01,33.0
2019-07-08,9.0
2019-07-15,20.0
2019-07-22,6.0
2019-07-29,2.0
2019-08-05,3.0
2019-08-12,18.0
2019-08-19,8.0
2019-08-26,9.0
2019-09-02,2.0
2019-09-09,2.0
2019-09-16,2.0
2019-09-23,1.0
2019-09-30,4.0
2019-10-07,3.0
2019-10-14,3.0
2019-10-21,9.0
2019-10-28,3.0
2019-11-04,4.0
2019-11-11,12.0
2019-11-18,2.0
2019-11-25,7.0
2019-12-02,14.0
2019-12-09,83.0
2019-12-16,31.0
2019-12-23,1.0
2019-12-30,3.0
2020-01-06,2.0
2020-01-13,17.0
2020-01-20,29.0
2020-01-27,29.0
2020-02-03,41.0
2020-02-10,28.0
2020-02-17,12.0
2020-02-24,42.0
2020-03-02,31.0
2020-03-09,58.0
2020-03-16,56.0
2020-03-23,52.0
2020-03-30,102.0
2020-04-06,40.0
2020-04-13,66.0
2020-04-20,35.0
2020-04-27,33.0
2020-05-04,35.0
2020-05-11,12.0
2020-05-18,26.0
2020-05-25,83.0
2020-06-01,31.0
2020-06-08,62.0
2020-06-15,24.0
2020-06-22,42.0
2020-06-29,22.0
2020-07-06,59.0
2020-07-13,81.0
2020-07-20,37.0
2020-07-27,11.0
2020-08-03,26.0
2020-08-10,10.0
2020-08-17,18.0
2020-08-24,24.0
2020-08-31,42.0
2020-09-07,46.0
2020-09-14,25.0
2020-09-21,17.0
2020-09-28,25.0
2020-10-05,6.0
2020-10-12,28.0
2020-10-19,22.0
2020-10-26,9.0
2020-11-02,30.0
2020-11-09,6.0
2020-11-16,28.0
2020-11-23,7.0
2020-11-30,25.0
2020-12-07,43.0
2020-12-14,17.0
2020-12-21,16.0
2020-12-28,17.0
2021-01-04,19.0
2021-01-11,10.0
2021-01-18,37.0
2021-01-25,20.0
2021-02-01,41.0
2021-02-08,56.0
2021-02-15,64.0
2021-02-22,33.0
2021-03-01,23.0
2021-03-08,12.0
2021-03-15,15.0
2021-03-22,72.0
2021-03-29,6.0
2021-04-05,7.0
2021-04-12,18.0
2021-04-19,11.0
2021-04-26,44.0
2021-05-03,37.0
2021-05-10,29.0
2021-05-17,15.0
2021-05-24,29.0
2021-05-31,37.0
2021-06-07,53.0
2021-06-14,11.0
2021-06-21,56.0
2021-06-28,51.0
2021-07-05,17.0
2021-07-12,12.0
2021-07-19,8.0
2021-07-26,28.0
2021-08-02,8.0
2021-08-09,10.0
2021-08-16,10.0
2021-08-23,16.0
2021-08-30,7.0
2021-09-06,13.0
2021-09-13,12.0
2021-09-20,9.0
2021-09-27,9.0
2021-10-04,7.0
2021-10-11,10.0
2021-10-18,4.0
2021-10-25,6.0
2021-11-01,14.0
2021-11-08,21.0
2021-11-15,6.0
2021-11-22,64.0
2021-11-29,20.0
2021-12-06,13.0
2021-12-13,40.0
2021-12-20,2.0
2021-12-27,30.0
2022-01-03,28.0
2022-01-10,28.0
2022-01-17,15.0
2022-01-24,36.0
2022-01-31,18.0
2022-02-07,51.0
2022-02-14,45.0
2022-02-21,21.0
2022-02-28,13.0
2022-03-07,31.0
2022-03-14,8.0
2022-03-21,12.0
2022-03-28,25.0
2022-04-04,17.0
2022-04-11,21.0
2022-04-18,19.0
2022-04-25,28.0
2022-05-02,29.0
2022-05-09,10.0
2022-05-16,21.0
2022-05-23,22.0
2022-05-30,28.0
2022-06-06,39.0
2022-06-13,15.0
2022-06-20,24.0
2022-06-27,19.0
2022-07-04,25.0
2022-07-11,23.0
2022-07-18,30.0
2022-07-25,26.0
2022-08-01,38.0
2022-08-08,22.0
2022-08-15,36.0
2022-08-22,37.0
2022-08-29,10.0
2022-09-05,30.0
2022-09-12,22.0
2022-09-19,46.0
2022-09-26,15.0
2022-10-03,11.0
2022-10-10,11.0
2022-10-17,12.0
2022-10-24,1.0
2022-10-31,17.0
2022-11-07,6.0
2022-11-14,12.0
2022-11-21,19.0
2022-11-28,34.0
2022-12-05,15.0
2022-12-12,26.0
2022-12-19,43.0
2022-12-26,74.0
2023-01-02,83.0
2023-01-09,103.0
2023-01-16,104.0
2023-01-23,57.0
2023-01-30,83.0
2023-02-06,89.0
2023-02-13,78.0
2023-02-20,92.0
2023-02-27,91.0
2023-03-06,38.0
2023-03-13,42.0
2023-03-20,24.0
2023-03-27,48.0
2023-04-03,36.0
2023-04-10,65.0
2023-04-17,22.0
2023-04-24,17.0
2023-05-01,18.0
2023-05-08,22.0
2023-05-15,8.0
2023-05-22,12.0
2023-05-29,14.0
2023-06-05,13.0
2023-06-12,32.0
2023-06-19,16.0
2023-06-26,0.0
2023-07-03,6.0
2023-07-10,18.0
2023-07-17,37.0
2023-07-24,179.0
2023-07-31,94.0
2023-08-07,61.0
2023-08-14,60.0
2023-08-21,70.0
2023-08-28,13.0
2023-09-04,8.0
2023-09-11,21.0
2023-09-18,4.0
2023-09-25,8.0
2023-10-02,3.0
2023-10-09,15.0
2023-10-16,1.0
2023-10-23,24.0
2023-10-30,25.0
2023-11-06,16.0
2023-11-13,21.0
2023-11-20,32.0
2023-11-27,5.0
2023-12-04,1.0
2023-12-11,10.0
2023-12-18,9.0
2023-12-25,27.0
2024-01-01,27.0
2024-01-08,18.0
2024-01-15,4.0
2024-01-22,42.0
2024-01-29,92.0
2024-02-05,36.0
2024-02-12,73.0
2024-02-19,42.0
2024-02-26,19.0
2024-03-04,43.0
2024-03-11,43.0
2024-03-18,105.0
2024-03-25,19.0
2024-04-01,27.0
2024-04-08,139.0
2024-04-15,228.0
2024-04-22,154.0
2024-04-29,221.0
2024-05-06,97.0
2024-05-13,83.0
2024-05-20,113.0
2024-05-27,117.0
2024-06-03,161.0
2024-06-10,75.0
2024-06-17,105.0
2024-06-24,84.0
2024-07-01,39.0
2024-07-08,17.0
2024-07-15,34.0
2024-07-22,28.0
2024-07-29,44.0
2024-08-05,36.0
2024-08-12,29.0
2024-08-19,1.0
2024-08-26,10.0
2024-09-02,11.0
2024-09-09,1.0
2024-09-16,25.0
2024-09-23,26.0
2024-09-30,22.0
2024-10-07,80.0
2024-10-14,62.0
2024-10-21,13.0
2024-10-28,18.0
2024-11-04,17.0
2024-11-11,14.0
2024-11-18,33.0
2024-11-25,7.0
2024-12-02,31.0
2024-12-09,19.0
2024-12-16,21.0
2024-12-23,8.0
2024-12-30,49.0
2025-01-06,16.0
2025-01-13,39.0
2025-01-20,42.0
2025-01-27,47.0
2025-02-03,71.0
2025-02-10,476.0
2025-02-17,19.0
2025-02-24,57.0
2025-03-03,20.0
2025-03-10,26.0
2025-03-17,37.0
2025-03-24,82.0
2025-03-31,24.0
2025-04-07,10.0
2025-04-14,146.0
2025-04-21,128.0
2025-04-28,43.0
2025-05-05,45.0
2025-05-12,22.0
2025-05-19,27.0
2025-05-26,12.0
2025-06-02,7.0
2025-06-09,5.0
2025-06-16,16.0
2025-06-23,25.0
2025-06-30,9.0
2025-07-07,15.0
2025-07-14,5.0
2025-07-21,4.0
2025-07-28,64.0
2025-08-04,61.0
2025-08-11,86.0
2025-08-18,63.0
2025-08-25,47.0
2025-09-01,19.0
2025-09-08,14.0
2025-09-15,9.0
2025-09-22,11.0
2025-09-29,30.0
2025-10-06,24.0
2025-10-13,56.0
2025-10-20,50.0
2025-10-27,59.0
2025-11-03,66.0
2025-11-10,45.0
2025-11-17,79.0
2025-11-24,77.0
2025-12-01,56.0
2025-12-08,97.0
2025-12-15,47.0
2025-12-22,30.0
2025-12-29,67.0
2026-01-05,97.0
2026-01-12,125.0
2026-01-19,145.0
2026-01-26,79.0
2026-02-02,260.0
2026-02-09,89.0
2026-02-16,252.0
2026-02-23,168.0
2026-03-02,723.0
2026-03-09,486.0
2026-03-16,142.0
2026-03-23,236.0
2026-03-30,65.0
2026-04-06,84.0
2026-04-13,69.0
2026-04-20,45.0
